83	write the query to display the number of emp who are getting salery more than 25000 in every department if the department contains atleast 2 emps working in company , arrange the records based on the number of emps from max to min 

SELECT COUNT(*),DNO
FROM EMP 
WHERE SAL>25000
GROUP BY DNO
HAVING COUNT(*)>=2
ORDER BY COUNT(*)DESC;

+----------+------+
| COUNT(*) | DNO  |
+----------+------+
|        4 |  113 |
|        4 |  111 |
|        4 |  110 |
|        2 |  112 |
+----------+------+
4 rows in set (0.01 sec)


84	WRITE THE FIRST 5 RECORDS FROM EMP TABLE.

LIMIT : IS USED TO OBTAIN SPECIFIED NUMBER OF TABLE FROM RECORD STARTING FROM INITIAL

SELECT *
FROM EMP
LIMIT 5;
+------+----------+-----------+------------+--------+------------+------+------------+-----------+---------+------+------+
| EID  | FNAME    | LNAME     | DOB        | GENDER | JOB        | MGR  | DOJ        | SAL       | COMM    | DNO  | CID  |
+------+----------+-----------+------------+--------+------------+------+------------+-----------+---------+------+------+
| 1601 | Siddarth | Patil     | 1985-11-24 | M      | Ceo        | NULL | 2016-01-16 | 500000.00 |    NULL |  113 | NULL |
| 1602 | Hema     | Shetty    | 1996-03-20 | F      | Hr         | 1601 | 2016-10-20 | 150000.00 |    NULL |  114 |  507 |
| 1701 | Rahul    | Mukharjee | 1991-02-19 | M      | Manager    | 1602 | 2017-04-17 | 100000.00 |    NULL |  111 | NULL |
| 1702 | Sameer   | Khan      | 1995-04-20 | M      | Manager    | 1602 | 2017-07-07 | 120000.00 |    NULL |  110 | NULL |
| 1801 | Jahnavi  | Naik      | 1996-04-11 | F      | Dispatcher | 1702 | 2020-03-15 |  45000.00 | 1000.00 |  110 | NULL |
+------+----------+-----------+------------+--------+------------+------+------------+-----------+---------+------+------+
5 rows in set (0.00 sec)


85	WRITE THE QUERY TO DISPLAY THE FIRST 3 RECORDS

SELECT *
FROM EMP
LIMIT 3;

+------+----------+-----------+------------+--------+---------+------+------------+-----------+------+------+------+
| EID  | FNAME    | LNAME     | DOB        | GENDER | JOB     | MGR  | DOJ        | SAL       | COMM | DNO  | CID  |
+------+----------+-----------+------------+--------+---------+------+------------+-----------+------+------+------+
| 1601 | Siddarth | Patil     | 1985-11-24 | M      | Ceo     | NULL | 2016-01-16 | 500000.00 | NULL |  113 | NULL |
| 1602 | Hema     | Shetty    | 1996-03-20 | F      | Hr      | 1601 | 2016-10-20 | 150000.00 | NULL |  114 |  507 |
| 1701 | Rahul    | Mukharjee | 1991-02-19 | M      | Manager | 1602 | 2017-04-17 | 100000.00 | NULL |  111 | NULL |
+------+----------+-----------+------------+--------+---------+------+------------+-----------+------+------+------+
3 rows in set (0.00 sec)


86	 WRITE THE QUERY TO DISPLAY THE 1ST RECORD

SELECT *
FROM EMP
LIMIT 1;

+------+----------+-------+------------+--------+-----+------+------------+-----------+------+------+------+
| EID  | FNAME    | LNAME | DOB        | GENDER | JOB | MGR  | DOJ        | SAL       | COMM | DNO  | CID  |
+------+----------+-------+------------+--------+-----+------+------------+-----------+------+------+------+
| 1601 | Siddarth | Patil | 1985-11-24 | M      | Ceo | NULL | 2016-01-16 | 500000.00 | NULL |  113 | NULL |
+------+----------+-------+------------+--------+-----+------+------------+-----------+------+------+------+
1 row in set (0.00 sec)

87	WRITE THE QUERY TO OBTAIN THE SECOND RECORD FROM EMP TABLE

SELECT *
FROM EMP
LIMIT 1 OFFSET 1;
+------+-------+--------+------------+--------+-----+------+------------+-----------+------+------+------+
| EID  | FNAME | LNAME  | DOB        | GENDER | JOB | MGR  | DOJ        | SAL       | COMM | DNO  | CID  |
+------+-------+--------+------------+--------+-----+------+------------+-----------+------+------+------+
| 1602 | Hema  | Shetty | 1996-03-20 | F      | Hr  | 1601 | 2016-10-20 | 150000.00 | NULL |  114 |  507 |
+------+-------+--------+------------+--------+-----+------+------------+-----------+------+------+------+
1 row in set (0.00 sec)


OFFSET IS USED TO IGNORE RECORD MENTIONED

88	WRITE THE QUERY TO DISPLAY THE 4TH RECORD FROM EMP TABLE

SELECT *
FROM EMP 
LIMIT 1 OFFSET 3;
+------+--------+-------+------------+--------+---------+------+------------+-----------+------+------+------+
| EID  | FNAME  | LNAME | DOB        | GENDER | JOB     | MGR  | DOJ        | SAL       | COMM | DNO  | CID  |
+------+--------+-------+------------+--------+---------+------+------------+-----------+------+------+------+
| 1702 | Sameer | Khan  | 1995-04-20 | M      | Manager | 1602 | 2017-07-07 | 120000.00 | NULL |  110 | NULL |
+------+--------+-------+------------+--------+---------+------+------------+-----------+------+------+------+
1 row in set (0.00 sec)

89	WRITE THE QUERY TO DIPLAY THE 7TH AND 8TH RECORD FROM THE TABLE

SELECT *
FROM EMP
LIMIT 2 OFFSET 6;

+------+---------+-------+------------+--------+------------+------+------------+----------+------+------+------+
| EID  | FNAME   | LNAME | DOB        | GENDER | JOB        | MGR  | DOJ        | SAL      | COMM | DNO  | CID  |
+------+---------+-------+------------+--------+------------+------+------------+----------+------+------+------+
| 1902 | Abhijit | Gowda | 1997-12-25 | M      | Dispatcher | 1702 | 2019-12-28 | 50000.00 | NULL |  110 |  505 |
| 1903 | Karan   | Bhat  | 1997-12-26 | M      | Salesman   | 1701 | 2019-12-26 | 45000.00 | NULL |  111 | NULL |
+------+---------+-------+------------+--------+------------+------+------------+----------+------+------+------+
2 rows in set (0.00 sec)



90 	WRITE THE QUERY TO DISPLAY THE LAST RECORD FROM EMP TABLE

SELECT *
FROM EMP
ORDER BY EID DESC
LIMIT 1;


+------+-------+-------+------------+--------+------------+------+------------+----------+---------+------+------+
| EID  | FNAME | LNAME | DOB        | GENDER | JOB        | MGR  | DOJ        | SAL      | COMM    | DNO  | CID  |
+------+-------+-------+------------+--------+------------+------+------------+----------+---------+------+------+
| 2201 | Kiran | Raj   | 1999-09-21 | M      | Accountant | 1602 | 2022-08-28 | 30000.00 | 3600.00 |  112 |  503 |
+------+-------+-------+------------+--------+------------+------+------------+----------+---------+------+------+
1 row in set (0.00 sec)

91	WRITE THE QUERY TO DISPLAY LAST 5TH RECORD FROM EMP TABLE

SELECT *
FROM EMP
ORDER BY EID DESC
LIMIT 1 OFFSET 4;

   
+------+--------+-------+------------+--------+----------+------+------------+----------+---------+------+------+
| EID  | FNAME  | LNAME | DOB        | GENDER | JOB      | MGR  | DOJ        | SAL      | COMM    | DNO  | CID  |
+------+--------+-------+------------+--------+----------+------+------------+----------+---------+------+------+
| 2101 | Rashmi | Gowda | 1995-10-03 | F      | Salesman | 1701 | 2021-01-02 | 45000.00 | 3000.00 |  111 | NULL |
+------+--------+-------+------------+--------+----------+------+------------+----------+---------+------+------+
1 row in set (0.00 sec)


92	WRITE THE QUERY TO DISPLAY THE LAST 3RD RECORD FROM EMP TABLE

SELECT *
FROM EMP
ORDER BY EID DESC
LIMIT 1 OFFSET 2;

    -> LIMIT 1 OFFSET 2;
+------+-------+--------+------------+--------+------------+------+------------+----------+---------+------+------+
| EID  | FNAME | LNAME  | DOB        | GENDER | JOB        | MGR  | DOJ        | SAL      | COMM    | DNO  | CID  |
+------+-------+--------+------------+--------+------------+------+------------+----------+---------+------+------+
| 2103 | Priya | Shetty | 1998-03-20 | F      | Accountant | 1602 | 2021-05-01 | 32000.00 | 3600.00 |  112 | NULL |
+------+-------+--------+------------+--------+------------+------+------------+----------+---------+------+------+
1 row in set (0.00 sec)



93	WRITE THE QUERY TO DISPLAY THE LAST 4 RECORDS FROM EMP TABLE

SELECT *
FROM EMP
ORDER BY EID DESC
LIMIT 4;

+------+--------+--------+------------+--------+------------+------+------------+----------+---------+------+------+
| EID  | FNAME  | LNAME  | DOB        | GENDER | JOB        | MGR  | DOJ        | SAL      | COMM    | DNO  | CID  |
+------+--------+--------+------------+--------+------------+------+------------+----------+---------+------+------+
| 2201 | Kiran  | Raj    | 1999-09-21 | M      | Accountant | 1602 | 2022-08-28 | 30000.00 | 3600.00 |  112 |  503 |
| 2104 | Aman   | Rai    | 1998-08-15 | M      | Salesman   | 1701 | 2021-12-26 | 40000.00 |    NULL |  111 | NULL |
| 2103 | Priya  | Shetty | 1998-03-20 | F      | Accountant | 1602 | 2021-05-01 | 32000.00 | 3600.00 |  112 | NULL |
| 2102 | Fariya | Taj    | 1999-01-03 | F      | Developer  | 1601 | 2021-03-01 | 32000.00 | 3600.00 |  113 | NULL |
+------+--------+--------+------------+--------+------------+------+------------+----------+---------+------+------+
4 rows in set (0.00 sec)

94	WRITE THE QUERY TO DISPLAY THE MIN SAL FROM EMP

SELECT MIN(SAL)
FROM EMP;

+----------+
| MIN(SAL) |
+----------+
| 30000.00 |
+----------+
1 row in set (0.00 sec)

95	WRITE THE QUERY TO DISPLAY 2ND MIN SAL FROM EMP


DISTINCT : TO REMOVE DUBLICATE RECORDS

SELECT DISTINCT SAL  
FROM EMP
ORDER BY SAL ASC
LIMIT 1 OFFSET 1;

+----------+
| SAL      |
+----------+
| 32000.00 |
+----------+
1 row in set (0.00 sec)

96	WRITE THE QUERY TO DISPLAY THE 3RD MAXIMUM SALERY FROM EMP TABLE

SELECT DISTINCT SAL  
FROM EMP
ORDER BY SAL DESC
LIMIT 1 OFFSET 2;

+-----------+
| SAL       |
+-----------+
| 120000.00 |
+-----------+
1 row in set (0.00 sec)

97 	WRITE THE QUERY TO DISPLAY THE 4TH ELDEST EMP // WE NEED SUB QUERY

SELECT *  
FROM EMP
ORDER BY DOJ ASC
LIMIT 1 OFFSET 3;



98	WRITE THE QUERY TO DISPLAY LAST TWO EMP WHO WERE  RECENTLY JOINED FOR THE EMP

SELECT *
FROM EMP
ORDER BY DOJ DESC
LIMIT 2;

    
+------+-------+-------+------------+--------+------------+------+------------+----------+---------+------+------+
| EID  | FNAME | LNAME | DOB        | GENDER | JOB        | MGR  | DOJ        | SAL      | COMM    | DNO  | CID  |
+------+-------+-------+------------+--------+------------+------+------------+----------+---------+------+------+
| 2201 | Kiran | Raj   | 1999-09-21 | M      | Accountant | 1602 | 2022-08-28 | 30000.00 | 3600.00 |  112 |  503 |
| 2104 | Aman  | Rai   | 1998-08-15 | M      | Salesman   | 1701 | 2021-12-26 | 40000.00 |    NULL |  111 | NULL |
+------+-------+-------+------------+--------+------------+------+------------+----------+---------+------+------+
2 rows in set (0.00 sec)



98	WRITE THE QUERY TO DISPLAY THE LAST TWO EMPS WHO WERE RECENTLY JOINED thecompany

SELECT *
FROM EMP
ORDER BY DOJ DESC
LIMIT 3;

+------+---------+-------+------------+--------+------------+------+------------+----------+---------+------+------+
| EID  | FNAME   | LNAME | DOB        | GENDER | JOB        | MGR  | DOJ        | SAL      | COMM    | DNO  | CID  |
+------+---------+-------+------------+--------+------------+------+------------+----------+---------+------+------+
| 2201 | Kiran   | Raj   | 1999-09-21 | M      | Accountant | 1602 | 2022-08-28 | 30000.00 | 3600.00 |  112 |  503 |
| 2104 | Aman    | Rai   | 1998-08-15 | M      | Salesman   | 1701 | 2021-12-26 | 40000.00 |    NULL |  111 | NULL |
| 2002 | Dharani | Patil | 1998-11-10 | F      | Developer  | 1601 | 2021-06-20 | 30000.00 | 3000.00 |  113 | NULL |
+------+---------+-------+------------+--------+------------+------+------------+----------+---------+------+------+
3 rows in set (0.00 sec)

 
99 WRITE THE QUERY TO DISPLAY THE FIRST 3 EMP WERE EVEN EMP EID
SEELCT *
FROM EMP
WHERE EID%2=0
LIMIT 3;





